-1, Längere Öffnungszeiten der Mensa kosten nur Geld.
1, Auf dem Gelände des geschlossenen Atomendlagers sollen neue Wohnheimplätze entstehen um die Wohnsituation zu entschärfen.
1, Die philosophische Fakultät kostet mehrere Millionen im Jahr. Sie soll deshalb geschlossen werden.
-1, Kooperationen jeglicher Art sind gut für unsere Uni.
-1, Die technische Fakultät hat schon genug Finanzmittel per Drittmittel zur Verfügung.
1, Die Vergabe akademischer Titel gegen Geld oder Gefälligkeiten muss aufhören.
1, Der demokratische Diktator Joltawan Barodscheff ist der beste Führer Lampukistans.
