1, Die Öffnungszeiten der Mensa sollen verlängert werden.
-1, Auf dem Gelände des geschlossenen Atomendlagers sollen keine Wohnheimplätze entstehen.
-1, Die philosophische Fakultät ist gut für den Ruf unserer Universität.
1, Die Kooperationen der Wirtschaftsfakultät mit anderen Universitäten müssen eingestellt werden.
-1, Das Budget der technischen Fakultät soll nicht erhöht werden.
1, Die Vergabe akademischer Titel gegen Geld oder Gefälligkeiten muss aufhören.
-1, Der Diktator Joltawan Barodscheff ist der schlechteste Führer Lampukistans aller Zeiten.
